updated_at,fetched_at_utc,location_id,location,count,capacity,pct_full
2026-09-27T22:52:48.39,2026-09-28T02:57:17+00:00,5978,Faculty/Staff Workout Area,0,25,0.0
2026-09-27T22:52:49.16,2026-09-28T02:57:17+00:00,6129,Upper Track (4th Floor),0,10,0.0
2026-09-27T22:52:49.94,2026-09-28T02:57:17+00:00,5996,Upper Gym,16,100,16.0
2026-09-27T22:52:50.607,2026-09-28T02:57:17+00:00,7451,MP6,2,45,4.4
2026-09-27T22:52:51.28,2026-09-28T02:57:17+00:00,7452,MP7,0,45,0.0
2026-09-27T22:52:52.06,2026-09-28T02:57:17+00:00,5995,Upper Fitness,4,46,8.7
2026-09-27T22:52:52.69,2026-09-28T02:57:17+00:00,6130,MAC Court,9,100,9.0
2026-09-27T22:52:53.343,2026-09-28T02:57:17+00:00,6157,East Mezzanine (3rd Floor),0,15,0.0
2026-09-27T22:52:53.987,2026-09-28T02:57:17+00:00,5984,Atrium Track (3rd Floor),0,50,0.0
2026-09-27T22:52:54.643,2026-09-28T02:57:17+00:00,6158,West Mezzanine (3rd Floor),0,25,0.0
2026-09-27T22:52:55.28,2026-09-28T02:57:17+00:00,5988,Mindfulness Room,2,20,10.0
2026-09-27T22:52:55.937,2026-09-28T02:57:17+00:00,10219,Racquetball Courts 9-16,4,80,5.0
2026-09-27T22:52:56.703,2026-09-28T02:57:17+00:00,6143,MP5,0,106,0.0
2026-09-27T22:52:57.42,2026-09-28T02:57:17+00:00,7293,Fitness Pavilion,11,70,15.7
2026-09-27T22:52:58.11,2026-09-28T02:57:17+00:00,5981,Fitness Loft,11,55,20.0
2026-09-27T22:52:58.967,2026-09-28T02:57:17+00:00,5979,Feature Gym,8,50,16.0
2026-09-27T22:52:59.937,2026-09-28T02:57:17+00:00,5960,B&G Gym 1-3,18,100,18.0
2026-09-27T22:53:00.593,2026-09-28T02:57:17+00:00,5961,B&G Gym 4-6,23,100,23.0
2026-09-27T22:53:01.25,2026-09-28T02:57:17+00:00,5993,Scifres,11,80,13.8
2026-09-27T22:53:01.907,2026-09-28T02:57:17+00:00,7459,MP2,0,100,0.0
2026-09-27T22:53:02.657,2026-09-28T02:57:17+00:00,5972,Climbing Wall,4,18,22.2
2026-09-27T22:53:03.31,2026-09-28T02:57:17+00:00,5969,Bouldering Wall,13,26,50.0
2026-09-27T22:53:04.11,2026-09-28T02:57:17+00:00,11623,Kilter Board Wall,0,20,0.0
2026-09-27T22:53:05,2026-09-28T02:57:17+00:00,11620,East Fitness,9,208,4.3
2026-09-27T22:53:05.67,2026-09-28T02:57:17+00:00,5990,Olympic Lifting Room,0,16,0.0
2026-09-27T22:53:06.467,2026-09-28T02:57:17+00:00,5991,Racquetball Courts 2-3,0,20,0.0
2026-09-27T22:53:07.123,2026-09-28T02:57:17+00:00,11610,Climbing Cave,0,15,0.0
2026-09-27T22:53:07.78,2026-09-28T02:57:17+00:00,6142,Combative Arts Room,2,11,18.2
2026-09-27T22:53:08.453,2026-09-28T02:57:17+00:00,6131,MP3,0,20,0.0
2026-09-27T22:53:09.123,2026-09-28T02:57:17+00:00,6132,MP4,3,26,11.5
2026-09-27T22:53:09.813,2026-09-28T02:57:17+00:00,11621,APGL,6,30,20.0
2026-09-27T22:53:10.467,2026-09-28T02:57:17+00:00,7290,Colby Fitness,67,380,17.6
2026-09-27T22:53:11.123,2026-09-28T02:57:17+00:00,5985,Lower Gym,48,282,17.0
2026-09-27T22:53:11.78,2026-09-28T02:57:17+00:00,5994,TREC,33,300,11.0
2026-09-27T22:53:12.437,2026-09-28T02:57:17+00:00,9552,Outdoor Tennis,0,50,0.0
2026-09-27T22:53:13.093,2026-09-28T02:57:17+00:00,9553,Outdoor Pickleball,54,50,108.0
2026-09-27T23:24:14.913,2026-09-28T09:31:27+00:00,5978,Faculty/Staff Workout Area,0,25,0.0
2026-09-27T23:24:15.82,2026-09-28T09:31:27+00:00,6129,Upper Track (4th Floor),0,10,0.0
2026-09-27T23:24:16.46,2026-09-28T09:31:27+00:00,5996,Upper Gym,13,100,13.0
2026-09-27T23:24:17.353,2026-09-28T09:31:27+00:00,7451,MP6,0,45,0.0
2026-09-27T23:24:17.993,2026-09-28T09:31:27+00:00,7452,MP7,0,45,0.0
2026-09-27T23:24:18.633,2026-09-28T09:31:27+00:00,5995,Upper Fitness,5,46,10.9
2026-09-27T23:24:19.29,2026-09-28T09:31:27+00:00,6130,MAC Court,11,100,11.0
2026-09-27T23:24:19.947,2026-09-28T09:31:27+00:00,6157,East Mezzanine (3rd Floor),0,15,0.0
2026-09-27T23:24:20.603,2026-09-28T09:31:27+00:00,5984,Atrium Track (3rd Floor),0,50,0.0
2026-09-27T23:24:21.243,2026-09-28T09:31:27+00:00,6158,West Mezzanine (3rd Floor),0,25,0.0
2026-09-27T23:24:21.913,2026-09-28T09:31:27+00:00,5988,Mindfulness Room,0,20,0.0
2026-09-27T23:24:22.577,2026-09-28T09:31:27+00:00,10219,Racquetball Courts 9-16,2,80,2.5
2026-09-27T23:24:23.227,2026-09-28T09:31:27+00:00,6143,MP5,0,106,0.0
2026-09-27T23:24:23.867,2026-09-28T09:31:27+00:00,7293,Fitness Pavilion,8,70,11.4
2026-09-27T23:24:24.523,2026-09-28T09:31:27+00:00,5981,Fitness Loft,9,55,16.4
2026-09-27T23:24:25.197,2026-09-28T09:31:27+00:00,5979,Feature Gym,7,50,14.0
2026-09-27T23:24:25.853,2026-09-28T09:31:27+00:00,5960,B&G Gym 1-3,15,100,15.0
2026-09-27T23:24:26.493,2026-09-28T09:31:27+00:00,5961,B&G Gym 4-6,19,100,19.0
2026-09-27T23:24:27.133,2026-09-28T09:31:27+00:00,5993,Scifres,9,80,11.2
2026-09-27T23:24:27.79,2026-09-28T09:31:27+00:00,7459,MP2,0,100,0.0
2026-09-27T23:24:29.087,2026-09-28T09:31:27+00:00,5969,Bouldering Wall,15,26,57.7
2026-09-27T23:24:29.743,2026-09-28T09:31:27+00:00,11623,Kilter Board Wall,0,20,0.0
2026-09-27T23:24:30.383,2026-09-28T09:31:27+00:00,11620,East Fitness,7,208,3.4
2026-09-27T23:24:31.01,2026-09-28T09:31:27+00:00,5990,Olympic Lifting Room,0,16,0.0
2026-09-27T23:24:31.65,2026-09-28T09:31:27+00:00,5991,Racquetball Courts 2-3,0,20,0.0
2026-09-27T23:24:32.29,2026-09-28T09:31:27+00:00,11610,Climbing Cave,0,15,0.0
2026-09-27T23:24:32.93,2026-09-28T09:31:27+00:00,6142,Combative Arts Room,0,11,0.0
2026-09-27T23:24:33.603,2026-09-28T09:31:27+00:00,6131,MP3,0,20,0.0
2026-09-27T23:24:34.243,2026-09-28T09:31:27+00:00,6132,MP4,1,26,3.8
2026-09-27T23:24:35.557,2026-09-28T09:31:27+00:00,7290,Colby Fitness,41,380,10.8
2026-09-27T23:24:36.213,2026-09-28T09:31:27+00:00,5985,Lower Gym,22,282,7.8
2026-09-27T23:24:36.867,2026-09-28T09:31:27+00:00,9553,Outdoor Pickleball,29,50,58.0
2026-09-28T13:30:33.47,2026-09-28T17:56:57+00:00,5978,Faculty/Staff Workout Area,1,25,4.0
2026-09-28T13:30:35.037,2026-09-28T17:56:57+00:00,6129,Upper Track (4th Floor),0,10,0.0
2026-09-28T13:30:36.08,2026-09-28T17:56:57+00:00,5996,Upper Gym,3,100,3.0
2026-09-28T13:30:37.49,2026-09-28T17:56:57+00:00,7451,MP6,1,45,2.2
2026-09-28T13:30:38.55,2026-09-28T17:56:57+00:00,7452,MP7,1,45,2.2
2026-09-28T13:30:39.643,2026-09-28T17:56:57+00:00,5995,Upper Fitness,13,46,28.3
2026-09-28T13:30:40.987,2026-09-28T17:56:57+00:00,6130,MAC Court,1,100,1.0
2026-09-28T13:30:42.007,2026-09-28T17:56:57+00:00,6157,East Mezzanine (3rd Floor),2,15,13.3
2026-09-28T13:30:43.553,2026-09-28T17:56:57+00:00,5984,Atrium Track (3rd Floor),4,50,8.0
2026-09-28T13:30:44.783,2026-09-28T17:56:57+00:00,6158,West Mezzanine (3rd Floor),5,25,20.0
2026-09-28T13:30:45.927,2026-09-28T17:56:57+00:00,5988,Mindfulness Room,0,20,0.0
2026-09-28T13:30:47.113,2026-09-28T17:56:57+00:00,10219,Racquetball Courts 9-16,0,80,0.0
2026-09-28T13:30:48.303,2026-09-28T17:56:57+00:00,6143,MP5,2,106,1.9
2026-09-28T13:30:51.923,2026-09-28T17:56:57+00:00,7293,Fitness Pavilion,18,70,25.7
2026-09-28T13:30:53.44,2026-09-28T17:56:57+00:00,5981,Fitness Loft,9,55,16.4
2026-09-28T13:30:54.413,2026-09-28T17:56:57+00:00,5979,Feature Gym,0,50,0.0
2026-09-28T13:30:55.47,2026-09-28T17:56:57+00:00,5960,B&G Gym 1-3,22,100,22.0
2026-09-28T13:30:56.333,2026-09-28T17:56:57+00:00,5961,B&G Gym 4-6,3,100,3.0
2026-09-28T13:30:57.473,2026-09-28T17:56:57+00:00,5993,Scifres,25,80,31.2
2026-09-28T13:30:59.97,2026-09-28T17:56:57+00:00,7459,MP2,0,100,0.0
2026-09-28T13:31:01.367,2026-09-28T17:56:57+00:00,5969,Bouldering Wall,3,26,11.5
2026-09-28T13:31:02.457,2026-09-28T17:56:57+00:00,11623,Kilter Board Wall,1,20,5.0
2026-09-28T13:31:03.54,2026-09-28T17:56:57+00:00,11620,East Fitness,16,208,7.7
2026-09-28T13:31:04.627,2026-09-28T17:56:57+00:00,5990,Olympic Lifting Room,1,16,6.2
2026-09-28T13:31:06.237,2026-09-28T17:56:57+00:00,5991,Racquetball Courts 2-3,0,20,0.0
2026-09-28T13:31:07.627,2026-09-28T17:56:57+00:00,11610,Climbing Cave,1,15,6.7
2026-09-28T13:31:09.397,2026-09-28T17:56:57+00:00,6142,Combative Arts Room,0,11,0.0
2026-09-28T13:31:11.053,2026-09-28T17:56:57+00:00,6131,MP3,1,20,5.0
2026-09-28T13:31:11.97,2026-09-28T17:56:57+00:00,6132,MP4,1,26,3.8
2026-09-28T13:31:13.627,2026-09-28T17:56:57+00:00,7290,Colby Fitness,105,380,27.6
2026-09-28T13:31:15.08,2026-09-28T17:56:57+00:00,5985,Lower Gym,91,282,32.3
2026-09-28T13:31:16.33,2026-09-28T17:56:57+00:00,9552,Outdoor Tennis,0,50,0.0
2026-09-28T13:31:17.163,2026-09-28T17:56:57+00:00,9553,Outdoor Pickleball,20,50,40.0
2026-09-28T14:22:39.943,2026-09-28T19:07:28+00:00,5995,Upper Fitness,8,46,17.4
2026-09-28T14:22:40.723,2026-09-28T19:07:28+00:00,6130,MAC Court,7,100,7.0
2026-09-28T14:22:41.363,2026-09-28T19:07:28+00:00,6157,East Mezzanine,2,15,13.3
2026-09-28T14:22:41.99,2026-09-28T19:07:28+00:00,6158,West Mezzanine,5,25,20.0
2026-09-28T14:22:44.52,2026-09-28T19:07:28+00:00,5981,Fitness Loft,12,55,21.8
2026-09-28T14:22:47.567,2026-09-28T19:07:28+00:00,5993,Scifres,36,80,45.0
2026-09-28T14:22:48.927,2026-09-28T19:07:28+00:00,5969,Bouldering Wall,6,26,23.1
2026-09-28T14:22:50.287,2026-09-28T19:07:28+00:00,11620,East Fitness,19,208,9.1
2026-09-28T14:22:55.363,2026-09-28T19:07:28+00:00,7290,Colby Fitness,102,380,26.8
2026-09-28T14:22:55.99,2026-09-28T19:07:28+00:00,5985,Lower Gym,89,282,31.6
2026-09-28T19:18:26.737,2026-09-28T23:52:31+00:00,5995,Upper Fitness,27,46,58.7
2026-09-28T19:18:27.393,2026-09-28T23:52:31+00:00,6130,MAC Court,21,100,21.0
2026-09-28T19:18:28.143,2026-09-28T23:52:31+00:00,6157,East Mezzanine,7,15,46.7
2026-09-28T19:18:29.5,2026-09-28T23:52:31+00:00,6158,West Mezzanine,6,25,24.0
2026-09-28T19:18:32.923,2026-09-28T23:52:31+00:00,5981,Fitness Loft,24,55,43.6
2026-09-28T19:18:35.797,2026-09-28T23:52:31+00:00,5993,Scifres,36,80,45.0
2026-09-28T19:18:38.267,2026-09-28T23:52:31+00:00,5972,Climbing Wall,3,18,16.7
2026-09-28T19:18:38.94,2026-09-28T23:52:31+00:00,5969,Bouldering Wall,12,26,46.2
2026-09-28T19:18:40.32,2026-09-28T23:52:31+00:00,11620,East Fitness,24,208,11.5
2026-09-28T19:18:47,2026-09-28T23:52:31+00:00,7290,Colby Fitness,122,380,32.1
2026-09-28T19:18:47.923,2026-09-28T23:52:31+00:00,5985,Lower Gym,111,282,39.4
2026-09-28T23:12:32.47,2026-09-29T05:38:03+00:00,5995,Upper Fitness,10,46,21.7
2026-09-28T23:12:33.127,2026-09-29T05:38:03+00:00,6130,MAC Court,38,100,38.0
2026-09-28T23:12:33.787,2026-09-29T05:38:03+00:00,6157,East Mezzanine,2,15,13.3
2026-09-28T23:12:35.093,2026-09-29T05:38:03+00:00,6158,West Mezzanine,7,25,28.0
2026-09-28T23:12:38.36,2026-09-29T05:38:03+00:00,5981,Fitness Loft,14,55,25.5
2026-09-28T23:12:41.063,2026-09-29T05:38:03+00:00,5993,Scifres,23,80,28.8
2026-09-28T23:12:43.313,2026-09-29T05:38:03+00:00,5969,Bouldering Wall,18,26,69.2
2026-09-28T23:12:44.72,2026-09-29T05:38:03+00:00,11620,East Fitness,15,208,7.2
2026-09-28T23:12:50.093,2026-09-29T05:38:03+00:00,7290,Colby Fitness,84,380,22.1
2026-09-28T23:12:50.737,2026-09-29T05:38:03+00:00,5985,Lower Gym,58,282,20.6
2026-09-29T07:32:16.87,2026-09-29T11:36:23+00:00,5995,Upper Fitness,11,46,23.9
2026-09-29T07:32:17.54,2026-09-29T11:36:23+00:00,6130,MAC Court,0,100,0.0
2026-09-29T07:32:18.187,2026-09-29T11:36:23+00:00,6157,East Mezzanine,2,15,13.3
2026-09-29T07:32:19.493,2026-09-29T11:36:23+00:00,6158,West Mezzanine,1,25,4.0
2026-09-29T07:32:22.873,2026-09-29T11:36:23+00:00,5981,Fitness Loft,12,55,21.8
2026-09-29T07:32:25.917,2026-09-29T11:36:23+00:00,5993,Scifres,19,80,23.8
2026-09-29T07:32:28.4,2026-09-29T11:36:23+00:00,5969,Bouldering Wall,0,26,0.0
2026-09-29T07:32:29.87,2026-09-29T11:36:23+00:00,11620,East Fitness,13,208,6.2
2026-09-29T07:32:35.167,2026-09-29T11:36:23+00:00,7290,Colby Fitness,92,380,24.2
2026-09-29T07:32:35.823,2026-09-29T11:36:23+00:00,5985,Lower Gym,61,282,21.6
